{
    "metrics": {
        "tripverse_req_duration": {
            "p(95)": 78.004625,
            "avg": 17.431693140086615,
            "min": 0,
            "med": 7.00115,
            "max": 311.7606,
            "p(90)": 47.99782,
            "thresholds": {
                "p(95)<1000": false
            }
        },
        "http_req_connecting": {
            "avg": 0.0012849391376108935,
            "min": 0,
            "med": 0,
            "max": 1.0304,
            "p(90)": 0,
            "p(95)": 0
        },
        "endpoint_driver_income": {
            "min": 5.4152,
            "med": 17.87175,
            "max": 142.5019,
            "p(90)": 48.55293000000001,
            "p(95)": 65.5023,
            "avg": 24.05801137254899
        },
        "http_req_receiving": {
            "avg": 0.23572404580152706,
            "min": 0,
            "med": 0,
            "max": 34.5077,
            "p(90)": 0.5018,
            "p(95)": 0.943475000000001
        },
        "http_req_duration{expected_response:true}": {
            "p(95)": 78.004625,
            "avg": 17.431693140086615,
            "min": 0,
            "med": 7.00115,
            "max": 311.7606,
            "p(90)": 47.99782
        },
        "http_req_failed": {
            "passes": 0,
            "fails": 9694,
            "thresholds": {
                "rate<0.05": false
            },
            "value": 0
        },
        "http_req_blocked": {
            "med": 0,
            "max": 16.0007,
            "p(90)": 0,
            "p(95)": 0,
            "avg": 0.010370043325768519,
            "min": 0
        },
        "endpoint_admin_risk_logs": {
            "p(90)": 28.725020000000008,
            "p(95)": 38.00333,
            "avg": 14.516461372549013,
            "min": 3.5005,
            "med": 10.9165,
            "max": 97.9987
        },
        "endpoint_passenger_profile": {
            "p(95)": 9.533519999999998,
            "avg": 3.163416274509806,
            "min": 0.4561,
            "med": 1.5021499999999999,
            "max": 154.0095,
            "p(90)": 6.037800000000005
        },
        "http_reqs": {
            "count": 9694,
            "rate": 159.90131340916562
        },
        "endpoint_passenger_auth_me": {
            "min": 0.2883,
            "med": 1.5048,
            "max": 153.1267,
            "p(90)": 6.843240000000004,
            "p(95)": 8.779479999999982,
            "avg": 3.2357929411764697
        },
        "endpoint_passenger_orders_my": {
            "max": 73.5107,
            "p(90)": 20.49849,
            "p(95)": 28.27554499999998,
            "avg": 9.488335294117649,
            "min": 1.9613,
            "med": 6.001099999999999
        },
        "endpoint_passenger_notifications_my": {
            "p(95)": 8.99897,
            "avg": 2.92743568627451,
            "min": 0.3155,
            "med": 1.63435,
            "max": 27.5025,
            "p(90)": 6.507480000000002
        },
        "data_received": {
            "count": 636929325,
            "rate": 10506069.281649815
        },
        "http_req_waiting": {
            "avg": 17.167849381060485,
            "min": 0,
            "med": 6.999499999999999,
            "max": 307.505,
            "p(90)": 47.47700000000003,
            "p(95)": 76.97184000000001
        },
        "data_sent": {
            "count": 4007866,
            "rate": 66109.2466853661
        },
        "http_req_sending": {
            "p(90)": 0,
            "p(95)": 0.2849500000000018,
            "avg": 0.028119713224675078,
            "min": 0,
            "med": 0,
            "max": 8.5075
        },
        "endpoint_admin_users_summary": {
            "avg": 12.539084509803923,
            "min": 2.2826,
            "med": 8.00195,
            "max": 101.3739,
            "p(90)": 29.09331000000002,
            "p(95)": 39.85884499999999
        },
        "endpoint_admin_orders": {
            "avg": 65.95430078431379,
            "min": 19.9735,
            "med": 65.99805,
            "max": 311.7606,
            "p(90)": 104.54328000000001,
            "p(95)": 117.21605999999998
        },
        "endpoint_admin_tokens": {
            "avg": 36.57688156862745,
            "min": 11.9803,
            "med": 35.0923,
            "max": 248.504,
            "p(90)": 57.98392,
            "p(95)": 64.57126
        },
        "vus": {
            "value": 2,
            "min": 1,
            "max": 20
        },
        "endpoint_public_search_transfer": {
            "max": 72.9979,
            "p(90)": 18.00051,
            "p(95)": 23.50036,
            "avg": 9.016421372549013,
            "min": 1.999,
            "med": 6.5012
        },
        "endpoint_admin_knowledge": {
            "max": 192.4961,
            "p(90)": 107.00065000000001,
            "p(95)": 114.04799499999996,
            "avg": 69.31399372549023,
            "min": 24.5326,
            "med": 70.70965000000001
        },
        "endpoint_public_search_main": {
            "avg": 10.957294313725495,
            "min": 1.9393,
            "med": 7.41765,
            "max": 178.0016,
            "p(90)": 20.50005,
            "p(95)": 27.549434999999956
        },
        "vus_max": {
            "max": 20,
            "value": 20,
            "min": 20
        },
        "endpoint_driver_trips": {
            "avg": 5.5136811764705795,
            "min": 0.9967,
            "med": 3.5021,
            "max": 59.5012,
            "p(90)": 11.00059,
            "p(95)": 14.863149999999985
        },
        "http_req_duration": {
            "med": 7.00115,
            "max": 311.7606,
            "p(90)": 47.99782,
            "p(95)": 78.004625,
            "avg": 17.431693140086615,
            "min": 0,
            "thresholds": {
                "p(95)<1000": false
            }
        },
        "endpoint_passenger_unread_count": {
            "avg": 2.695950392156864,
            "min": 0,
            "med": 1.5005,
            "max": 29.9973,
            "p(90)": 6.4981,
            "p(95)": 7.778889999999977
        },
        "endpoint_admin_dashboard": {
            "p(90)": 38.99663,
            "p(95)": 51.774969999999975,
            "avg": 18.126372745098045,
            "min": 3.7128,
            "med": 13.0012,
            "max": 123.5003
        },
        "group_duration": {
            "med": 35.00395,
            "max": 711.9988,
            "p(90)": 263.1000400000001,
            "p(95)": 322.90776,
            "avg": 84.02529754901967,
            "min": 5.9391
        },
        "tripverse_req_failed": {
            "passes": 0,
            "fails": 9694,
            "thresholds": {
                "rate<0.05": false
            },
            "value": 0
        },
        "endpoint_driver_dashboard": {
            "avg": 25.690361372549024,
            "min": 4.8738,
            "med": 18.0017,
            "max": 138.0092,
            "p(90)": 57.68960000000002,
            "p(95)": 73.18885499999995
        },
        "endpoint_admin_users": {
            "avg": 9.434692549019603,
            "min": 2.0396,
            "med": 8.5031,
            "max": 48.9457,
            "p(90)": 16.274620000000002,
            "p(95)": 19.662719999999965
        },
        "http_req_tls_handshaking": {
            "avg": 0,
            "min": 0,
            "med": 0,
            "max": 0,
            "p(90)": 0,
            "p(95)": 0
        },
        "checks": {
            "passes": 9694,
            "fails": 0,
            "value": 1
        },
        "iteration_duration": {
            "p(90)": 1624.0671200000002,
            "p(95)": 1725.1853049999995,
            "avg": 1336.9489870588225,
            "min": 1101.3308,
            "med": 1301.8291,
            "max": 1927.682
        },
        "endpoint_passenger_account_status": {
            "min": 0.3868,
            "med": 1.5011999999999999,
            "max": 42.9972,